date,Unnamed: 0,marketcap
2024-03-06,9.560436405047096,-0.26342586647803
2024-03-05,9.560436405047096,-0.509776488077017
2024-03-04,9.560436405047096,-0.5856501127014155
2024-03-01,9.560436405047096,0.699576533356724
2024-02-29,9.560436405047096,-0.603220638832485
2024-02-28,9.560436405047096,-0.08299518608778102
2024-02-27,9.560436405047096,-0.18625194330223377
2024-02-26,8.688874513776708,0.114053474205426
2024-02-23,7.734013437176149,-0.1820649027749607
2024-02-22,6.961491073405666,0.44220480211579627
2024-02-21,6.323600871493681,0.05270499280332371
2024-02-20,5.787951817484443,-0.979007231527609
2024-02-16,5.331776424049947,0.47506878856797485
2024-02-15,4.938602532588358,0.010704195106313898
2024-02-14,4.596217431122672,-1.371558497085572
2024-02-13,4.295374275312083,0.25266496201485744
2024-02-12,4.028943061634517,0.8861897977372712
2024-02-09,3.7913375302769508,-0.6576468528570616
2024-02-08,3.578118730069123,1.0569235035883986
2024-02-07,3.385714804358276,-0.8196888187661209
2024-02-06,3.211219092217349,0.025060424187961543
2024-02-05,3.0522421416743404,-0.3253488102262477
2024-02-02,2.9068015529892652,0.21260563554495046
2024-02-01,2.773238829223368,0.21178780739691141
2024-01-31,2.650155811431001,0.21095261244159946
2024-01-30,2.536365519462156,0.9718554104710814
2024-01-29,2.430853727757716,-0.798426816443345
2024-01-26,2.3327486369834736,-0.05100116688163217
2024-01-25,2.241296718774809,-0.4042413240378788
2024-01-24,2.1558433156576293,-1.2163869498148792
2024-01-23,2.075816938634967,-0.8264576597581698
2024-01-22,2.000716465452919,-0.5369461507378859
2024-01-19,1.9301006330290889,0.07634555070397143
2024-01-18,1.8635793582695608,-0.06503580552593599
2024-01-17,1.8008065265348807,0.10158067962805983
2024-01-16,1.7414739661306045,0.36752767784890333
2024-01-12,1.6853063873162712,1.1295135277838102
2024-01-11,1.632057110377418,-0.6198076938838097
2024-01-10,1.5815044428616298,0.020623978741286138
2024-01-09,1.5334485937270084,0.4940657261219032
2024-01-08,1.4877090338011925,0.620401403359888
2024-01-05,1.4441222290113782,0.8326422513036177
2024-01-04,1.4025396863758617,-0.1372801206490138
2024-01-03,1.3628262635409338,0.4391036993960829
2024-01-02,1.3248587013033655,-0.398577329768854
2023-12-29,1.2885243455394817,-1.140151926278799
2023-12-28,1.2537200306197083,0.11334429912425627
2023-12-27,1.220351100993286,0.7232295671364748
2023-12-26,1.1883305514000067,0.24113524444815618
2023-12-22,1.157578269258606,-0.09956666649284857
2023-12-21,1.1280203653423198,-0.07578429007365935
2023-12-20,1.0995885809651809,-0.2109907183225285
2023-12-19,1.0722197616669,0.8345718035222965
2023-12-18,1.045855388852393,-0.6299488685969754
2023-12-15,1.0204411620752818,-0.3515687807608456
2023-12-14,0.9959266256891258,0.339278961966154
2023-12-13,0.9722648344642042,-1.2873642114188684
2023-12-12,0.9494120535059387,-0.42143174751602624
2023-12-11,0.9273274884387954,0.7877964255722145
2023-12-08,0.9059730423542598,-0.023680936306903076
2023-12-07,0.8853130964733283,-0.547749613713517
2023-12-06,0.8653143118705375,0.35246235542019777
2023-12-05,0.8459454499343205,0.6627995978748125
2023-12-04,0.8271772095316969,0.9704407203305153
2023-12-01,0.808982079091147,0.2774164384250087
2023-11-30,0.7913342020334545,-0.10818240590644827
2023-11-29,0.7742092541655933,-0.18012704276590563
2023-11-28,0.7575843318152105,0.7507636090009122
2023-11-27,0.7414378496243093,0.03893650671553254
2023-11-24,0.7257494470415686,0.2969040506346055
2023-11-22,0.7104999026632028,-0.25196732809557704
2023-11-21,0.6956710556629895,0.22189240798569437
2023-11-20,0.681245733637574,0.02943059465464149
2023-11-17,0.667207686262654,0.22557351996061545
2023-11-16,0.6535415242235079,-1.1685674034582134
2023-11-15,0.6402326629337182,0.5803030217366355
2023-11-14,0.6272672706136244,0.30710509538824754
2023-11-13,0.6146322203366359,0.26801002955069453
2023-11-10,0.6023150456948847,-0.5005562399642733
2023-11-09,0.5903038997705192,-0.36320855312119515
2023-11-08,0.5785875171264481,-0.003553023204131257
2023-11-07,0.5671551785633894,0.61529333402999
2023-11-06,0.5559966784076938,0.78379901573273
2023-11-03,0.545102294123766,0.8853794068491734
2023-11-02,0.5344627580575368,0.6106642749679743
2023-11-01,0.5240692311420202,-1.5703243605534982
2023-10-31,0.5139132784038345,0.10786214983352038
2023-10-30,0.503986846132308,0.5192140087126097
2023-10-27,0.49428224057851644,-0.14200533477219357
2023-10-26,0.48479210806601075,0.9516893659891132
2023-10-25,0.4755094164072795,0.45873737516660973
2023-10-24,0.46642743752422267,-0.07947216870348718
2023-10-23,0.4575397311851838,0.48678038313519345
2023-10-20,0.4488401297739533,0.7338581108642306
2023-10-19,0.44032272401564565,0.8576755108916779
2023-10-18,0.431981849590771,-0.019600793472259955
2023-10-17,0.423812074572508,-0.6696412648480692
2023-10-16,0.41580818762948973,-0.6258159804812434
2023-10-13,0.40796518694044176,-0.024895878184240605
2023-10-12,0.4002782697694023,-1.5270344239370364
2023-10-11,0.3927428226590602,0.0198966440711754
2023-10-10,0.385354412196674,1.7968045638586179
2023-10-09,0.37810877631557055,0.2184263803752561
2023-10-06,0.3710018160972,-1.671735295430711
2023-10-05,0.36402958803790564,0.83447971662913
2023-10-04,0.35718829675241753,1.1245016182523386
2023-10-03,0.35047428808444137,1.8744483533002205
2023-10-02,0.3438840425976476,-0.07383078914672697
2023-09-29,0.33741416942467023,0.8287909319945942
2023-09-28,0.33106140044810217,0.7907719619839767
2023-09-27,0.3248225847970361,0.3087095466775361
2023-09-26,0.31869468363491277,-1.5565753037144676
2023-09-25,0.31267476522420606,-0.06499768596269687
2023-09-22,0.30676000024978245,-0.5352602957444907
2023-09-21,0.3009476573843466,-0.06596661877303304
2023-09-20,0.29523509908313844,0.7048317940188223
2023-09-19,0.28961977759272506,0.39999811627758003
2023-09-18,0.2840992311625547,0.13978342055020285
2023-09-15,0.27867108044616545,-0.38174807978748193
2023-09-14,0.27333302508194435,0.7677260193691492
2023-09-13,0.2680828404422403,-0.8554233155104178
2023-09-12,0.2629183745426392,0.4498453180489193
2023-09-11,0.2578375451006139,-1.3958097555109044
2023-09-08,0.25283833673569756,0.6281253012713851
2023-09-07,0.24791879830476476,-0.6967896934756732
2023-09-06,0.24307704036251898,0.2505235903666075
2023-09-05,0.2383112327417263,-0.40974908173571833
2023-09-01,0.2336196022469824,0.006387815746113795
2023-08-31,0.22900043045463936,-1.0037922308820733
2023-08-30,0.22445205161445522,-0.1258732271872589
2023-08-29,0.2199728506466166,-0.46365368389080314
2023-08-28,0.21556126122956085,-0.27972306787544077
2023-08-25,0.21121576397381844,-0.3988081718688393
2023-08-24,0.2069348846774382,-0.8555286903860181
2023-08-23,0.2027171926580798,0.37730211899099864
2023-08-22,0.19856129915931597,0.4425042953916515
2023-08-21,0.1944658558258193,0.2859775907379751
2023-08-18,0.19042955324456604,0.605555463119825
2023-08-17,0.18645111954959973,-0.7238446816421097
2023-08-16,0.1825293190851655,-0.9278774201811767
2023-08-15,0.1786629511263962,0.8408552569878115
2023-08-14,0.17485084865393186,1.6823823075683044
2023-08-11,0.17109187717919574,-0.028650632397088278
2023-08-10,0.1673849336184833,-0.743083464403316
2023-08-09,0.1637289452144309,-0.23870014762045189
2023-08-08,0.1601228685002213,-0.8132864790702602
2023-08-07,0.15656568830720924,-0.23055535318342332
2023-08-04,0.15305641681180204,0.110993507896904
2023-08-03,0.149594092620845,-0.12611018096497278
2023-08-02,0.14617777989394037,-0.8322181447162174
2023-08-01,0.14280656749949228,0.6247564542468608
2023-07-31,0.1394795682050229,0.7781990482840805
2023-07-28,0.13619591789862007,-1.414837525675757
2023-07-27,0.1329547748402869,0.5989143142432692
2023-07-26,0.12975531894326237,-0.14266906605693827
2023-07-25,0.12659675108155727,0.2845691598482107
2023-07-24,0.12347829242500336,-0.06340588829960628
2023-07-21,0.12039918379846976,-0.7508563898327261
2023-07-20,0.11735868506633967,-0.21583252143090215
2023-07-19,0.11435607453896979,-0.8434834950589895
2023-07-18,0.11139064840140597,-0.327433706844306
2023-07-17,0.10846172016415,0.23317460205033658
2023-07-14,0.10556862013229117,-0.2020678275810453
2023-07-13,0.10271069489580142,1.724974403365043
2023-07-12,0.0998873068375127,0.9147915340649106
2023-07-11,0.09709783365802496,-0.2287597536898434
2023-07-10,0.09434166791959364,-0.5837723639712039
2023-07-07,0.09161821660442178,-0.7094986153673898
2023-07-06,0.08892690068926902,-0.10323457121518222
2023-07-05,0.08626715473535285,1.8713369064258316
2023-07-03,0.08363842649210883,0.2617276159360726
2023-06-30,0.08104017651521928,-0.08499489695487354
2023-06-29,0.07847187779672567,-0.24080070851779226
2023-06-28,0.07593301540988746,-0.5889667101481371
2023-06-27,0.07342308616380354,-0.3853949889564679
2023-06-26,0.07094159827202903,-0.11110301352971416
2023-06-23,0.06848807103027203,-0.8839501924456636
2023-06-22,0.06606203450672028,0.43876346612046485
2023-06-21,0.06366302924172094,0.27988996680209216
2023-06-20,0.06129060595763255,-0.533915375917266
2023-06-16,0.05894432527830302,1.1451663261571552
2023-06-15,0.05662375745817384,0.3630746784507245
2023-06-14,0.054328482119030456,-0.32770764215096315
2023-06-13,0.0520580879971297,0.6025398242324431
2023-06-12,0.04981217269701775,0.0015183651215299712
2023-06-09,0.047590342453335634,0.45456868386180305
2023-06-08,0.04539221190177298,0.3737612957567265
2023-06-07,0.043217403855278516,0.1642049115673895
2023-06-06,0.04106554908859961,-1.0739871250911412
2023-06-05,0.038936286129512145,-0.3872389377163616
2023-06-02,0.03682926105605832,0.2285833953736489
2023-06-01,0.0347441273006796,-1.1121919704319772
2023-05-31,0.03268054546001619,-0.5509792852120694
2023-05-30,0.030638183110850762,0.8931741405651763
2023-05-26,0.028616714631513787,0.44602878328261863
2023-05-25,0.026615821028955333,0.33121298847200376
2023-05-24,0.024635189770527467,0.8961979570590274
2023-05-23,0.0226745146218427,-0.5333792281178863
2023-05-22,0.020733495488455562,-0.6512149369878892
2023-05-19,0.018811838263005816,0.6082165179187686
2023-05-18,0.01690925467638955,-0.21540122227675323
2023-05-17,0.015025462153845781,-0.4306507585561812
2023-05-16,0.01316018367513921,-1.0746398013829883
2023-05-15,0.01131314763836135,1.2125766067637451
2023-05-12,0.00948408772823743,0.3401520901855812
2023-05-11,0.007672742788461275,0.015336552529807795
2023-05-10,0.005878856697034045,0.9041945535844186
2023-05-09,0.004102178245426122,0.6422711573354956
2023-05-08,0.002342461021698651,-0.002745351519992812
2023-05-05,0.0005994632963558876,-0.18246524957909177
2023-05-04,-0.0011270520885254822,-1.1922729220758126
2023-05-03,-0.0028373178263439024,0.8749290748667188
2023-05-02,-0.004531562251313749,0.9844760782806066
2023-05-01,-0.006210009439095494,2.3378116614170787
2023-04-28,-0.007872879306538365,1.551812410498279
2023-04-27,-0.009520387707326786,-0.6175061726624865
2023-04-26,-0.011152746525100826,-0.5705669419423944
2023-04-25,-0.012770163764733368,0.4620016222512197
2023-04-24,-0.014372843640671639,0.7109755420519167
2023-04-21,-0.015960986662684497,-0.9041497987536276
2023-04-20,-0.017534789719288523,-0.14556855777236033
2023-04-19,-0.019094446159876977,0.4025414802024255
2023-04-18,-0.020640145873162177,0.16573217654537528
2023-04-17,-0.022172075364389015,-0.9354260253045901
2023-04-14,-0.02369041783077343,0.583101912352015
2023-04-13,-0.02519535323407358,-0.10746922810277386
2023-04-12,-0.02668705837179555,-0.21800283820117147
2023-04-11,-0.02816570694662409,0.06161930851595253
2023-04-10,-0.029631469633668694,-0.3340188152589759
2023-04-06,-0.031084514146207713,0.2280346993420781
2023-04-05,-0.03252500529952093,0.828701091284234
2023-04-04,-0.033953105073629815,-0.8200470829459153
2023-04-03,-0.03536897267330695,0.48052937190051775
2023-03-31,-0.03677276458815375,-2.7935809392899595
2023-03-30,-0.03816463464919639,-0.06519396099589343
2023-03-29,-0.03954473408616445,-0.22666453451650914
2023-03-28,-0.040913211581356045,-0.8224325415171491
2023-03-27,-0.04227021332363947,-0.5958453341614321
2023-03-24,-0.04361588306027026,-1.0502898560931593
2023-03-23,-0.04495036214754761,-0.04602725336327618
2023-03-22,-0.04627378960058327,0.5657399029766141
2023-03-21,-0.04758630214156857,1.1433938699605024
2023-03-20,-0.04888803424626635,-2.133280434212678
2023-03-17,-0.0501791181909808,-1.2516890144574924
2023-03-16,-0.05145968409645517,0.5903233442064909
2023-03-15,-0.05272985997176945,0.2955522641571873
2023-03-14,-0.05398977175769189,2.5068921315480996
2023-03-13,-0.05523954336729975,-0.17261510052954215
2023-03-10,-0.05647929672714617,0.5767790068858518
2023-03-09,-0.05770915181699338,0.6196247923620107
2023-03-08,-0.05892922670824879,0.3902441284820641
2023-03-07,-0.06013963760199144,0.7303986959047464
2023-03-06,-0.061340498865564794,0.9655843743512903
2023-03-03,-0.06253192306889646,-0.4210230224935412
2023-03-02,-0.06371402101945245,-0.6045774514677258
2023-03-01,-0.06488690179685021,-0.21376346673694335
2023-02-28,-0.06605067278624262,-0.42353195888159617
2023-02-27,-0.0672054397108829,0.29472459608137247
2023-02-24,-0.06835130666455294,0.09912480906463508
2023-02-23,-0.06948837614269442,0.006288043197910845
2023-02-22,-0.07061674907292557,-0.4375028423467996
2023-02-21,-0.07173652484460219,1.213690708913138
2023-02-17,-0.07284780133885643,0.059082624302008335
2023-02-16,-0.0739506749560414,1.9288152763818809
2023-02-15,-0.07504524064447296,0.1542078324822929
2023-02-14,-0.07613159192725977,0.15799191348082253
2023-02-13,-0.07720982092899699,0.587162065435717
2023-02-10,-0.07828001840177717,0.576331670945241
2023-02-09,-0.07934227375085982,-2.008992910050152
2023-02-08,-0.0803966750593852,-0.17359847791966188
2023-02-07,-0.0814433091126102,0.4382422125592267
2023-02-06,-0.08248226142214424,-1.36640484915652
2023-02-03,-0.08351361624861499,0.09382342458260105
2023-02-02,-0.0845374566251532,-0.3270155485109737
2023-02-01,-0.085553864379171,1.565731536117698
2023-01-31,-0.08656292015407166,0.5491809053499895
2023-01-30,-0.08756470343136925,-1.0334625821142265
2023-01-27,-0.08855929255048685,0.8859113102432914
2023-01-26,-0.08954676472998864,0.9120832437667328
2023-01-25,-0.0905271960871734,-1.9168848420576918
2023-01-24,-0.0915006616577363,0.2692845777423963
2023-01-23,-0.09246723541508939,-0.4427071664588154
2023-01-20,-0.09342699028858963,0.2659964609422265
2023-01-19,-0.09437999818251808,-0.8733305660561105
2023-01-18,-0.09532632999362527,-0.30229903119727203
2023-01-17,-0.09626605562867666,1.0261441942600809
2023-01-13,-0.09719924402220281,0.10590752276663018
2023-01-12,-0.09812596315254295,0.04096021006041573
2023-01-11,-0.09904628005904895,-0.79522639387048
2023-01-10,-0.09996026085778753,-0.5547813280023273
2023-01-09,-0.10086797075785678,-0.7144881741679245
2023-01-06,-0.10176947407620078,0.9310264556866121
2023-01-05,-0.10266483425365311,-0.5770252883206869
2023-01-04,-0.10355411386886391,-1.0717358855243184
2023-01-03,-0.10443737465400206,-0.13147079200830694
2022-12-30,-0.10531467750772643,1.7211498000689636
2022-12-29,-0.10618608251054673,-0.4796077108333634
2022-12-28,-0.1070516489373852,-0.35801872426114206
2022-12-27,-0.10791143527184502,0.8209305441370888
2022-12-23,-0.1087654992187038,-0.6642995761004716
2022-12-22,-0.10961389771743103,-1.2661354734924697
2022-12-21,-0.11045668695461328,1.0076780072798872
2022-12-20,-0.11129392237596966,-0.6134608651021827
2022-12-19,-0.11212565869932324,-0.691243759502571
2022-12-16,-0.11295194992572904,-0.20840063242972948
2022-12-15,-0.11377284935155785,0.3552420704568043
2022-12-14,-0.11458840957996556,0.4816486230726758
2022-12-13,-0.11539868253195301,0.3723753624330449
2022-12-12,-0.11620371945776703,-0.5212821220668679
2022-12-09,-0.11700357094700445,-1.1794669976946888
2022-12-08,-0.1177982869398084,0.4247123592081391
2022-12-07,-0.11858791673731363,-0.35136235878945526
2022-12-06,-0.11937250901120432,0.11913356837098237
2022-12-05,-0.1201521118144325,1.389704924492359
2022-12-02,-0.12092677259063936,1.3696948763301822
2022-12-01,-0.12169653818384954,0.42748775922015947
2022-11-30,-0.12246145484775592,0.24853893563539547
2022-11-29,-0.12322156825555049,-0.3420501253423646
2022-11-28,-0.12397692350818505,-0.31342729421348975
2022-11-25,-0.12472756514399733,1.502371817523551
2022-11-23,-0.1254735371471081,0.1832394136156817
2022-11-22,-0.1262148829561599,0.2555199304911736
2022-11-21,-0.12695164547250934,-1.3842664087627874
2022-11-18,-0.1276838670688292,0.497589932769767
2022-11-17,-0.128411589597096,0.4365841301225311
2022-11-16,-0.12913485439650935,-0.054246397035009525
2022-11-15,-0.12985370230127471,0.5364348876000793
2022-11-14,-0.13056817364859108,-0.31613689526338856
2022-11-11,-0.1312783082856827,0.26033185203366094
2022-11-10,-0.13198414557771854,-1.493256818283465
2022-11-09,-0.13268572441491225,-0.7027887832392072
2022-11-08,-0.1333830832193492,2.249616854111138
2022-11-07,-0.13407625995263278,-0.14401081251320855
2022-11-04,-0.1347652921222336,-0.5652037584618591
2022-11-03,-0.13545021678824798,-0.5191876128763443
2022-11-02,-0.13613107057063487,-0.6498023718397737
2022-11-01,-0.13680788965501858,1.6091990590757614
2022-10-31,-0.1374807097996525,-0.4725105968966456
2022-10-28,-0.1381495663411537,-0.037887211365007535
2022-10-27,-0.13881449420153477,-1.4014688196966993
2022-10-26,-0.13947552789325585,-0.1761349726930784
2022-10-25,-0.14013270152591503,-0.5680110593441509
2022-10-24,-0.1407860488119831,0.34223175417083557
2022-10-21,-0.1414356030724016,-0.3300587599621358
2022-10-20,-0.1420813972424543,-0.8893970616498461
2022-10-19,-0.1427234638770237,-0.05522861802894531
2022-10-18,-0.14336183515632583,-1.4192538680129643
2022-10-17,-0.143996542891372,-0.07671969241242674
2022-10-14,-0.144627618528884,-0.6895170917876222
2022-10-13,-0.14525509315682422,1.3148899492848274
2022-10-12,-0.14587899750937916,-1.6697411915395566
2022-10-11,-0.14649936197194333,-0.20345873731964403
2022-10-10,-0.14711621658610283,0.4282171600882169
2022-10-07,-0.14772959105441436,1.0827565217552724
2022-10-06,-0.14833951474538884,0.5069068953522599
2022-10-05,-0.14894601669779253,-1.4191719241063625
2022-10-04,-0.1495491256255624,-1.927264947586646
2022-10-03,-0.15014886992244858,-1.7404015112879843
2022-09-30,-0.15074527766590567,-2.506330560335914
2022-09-29,-0.1513383766222813,0.7723402632903407
2022-09-28,-0.15192819425016138,0.10990024680698249
2022-09-27,-0.1525147577058317,-1.7377824433527422
2022-09-26,-0.1530980938459405,-1.0038987222314124
2022-09-23,-0.15367822923309654,1.0310154639529063
2022-09-22,-0.1542551901388731,2.6859074349739074
2022-09-21,-0.15482900254804058,0.21551955135399042
2022-09-20,-0.15539969216293592,0.8056269963539078
2022-09-19,-0.15596728440646643,0.41124540358506567
2022-09-16,-0.15653180442647907,0.01595565753338671
2022-09-15,-0.15709327709937881,0.8536006244703465
2022-09-14,-0.1576517270337469,1.454224426433331
2022-09-13,-0.1582071785736861,-1.1755561101647436
2022-09-12,-0.1587596558029852,1.1669109566880187
2022-09-09,-0.15930918254778156,-0.5487766916600822
2022-09-08,-0.15985578238052067,-0.8020195941087522
2022-09-07,-0.16039947862343815,-0.38779033276282615
2022-09-06,-0.16094029435135854,0.42981050369155804
2022-09-02,-0.16147825239545038,0.33932928448314814
2022-09-01,-0.16201337534602522,-0.8775352157023721
2022-08-31,-0.16254568555615584,0.898943605915
2022-08-30,-0.16307520514440724,0.3777861312404683
2022-08-29,-0.16360195599804514,1.9085996467404598
2022-08-26,-0.16412595977597175,-1.1011745221024871
2022-08-25,-0.1646472379120027,0.6167272760054707
2022-08-24,-0.1651658116173929,-0.2417221718902871
2022-08-23,-0.1656817018837724,-0.27795666980675204
2022-08-22,-0.1661949294862866,-2.0226619648863937
2022-08-19,-0.16670551498612232,0.04711113463952738
2022-08-18,-0.16721347873310213,0.16644730950730877
2022-08-17,-0.16771884086902944,-1.1324692828914882
2022-08-16,-0.16822162132953197,-0.38350761872784545
2022-08-15,-0.1687218398471338,0.46854087263499455
2022-08-12,-0.1692195159539861,0.8928959838473497
2022-08-11,-0.1697146689839837,-0.4126561926007176
2022-08-10,-0.17020731807556405,-0.9113158336194848
2022-08-09,-0.17069748217402833,-0.45149581709944625
2022-08-08,-0.1711851800342042,-0.8830185552565117
2022-08-05,-0.17167043022235706,-0.26504676818414447
2022-08-04,-0.17215325111926258,-0.6911647514487795
2022-08-03,-0.17263366092164,2.1136991866277457
2022-08-02,-0.1731116776454294,2.1473288009511964
2022-08-01,-0.17358731912715683,0.22345717712138388
2022-07-29,-0.17406060302652884,1.2630582155628423
2022-07-28,-0.17453154682909483,-2.2037404625554915
2022-07-27,-0.17500016784713462,-0.5575944757397723
2022-07-26,-0.17546648322334504,-1.0368138881838196
2022-07-25,-0.17593050993159096,0.20134451626505495
2022-07-22,-0.1763922647798407,-1.5918655341493544
2022-07-21,-0.17685176441187314,0.3856457335702711
2022-07-20,-0.17730902530912057,0.8343713047789036
2022-07-19,-0.1777640637927172,-0.523933964616605
2022-07-18,-0.1782168960260249,-1.2069184257509191
2022-07-15,-0.17866753801558904,-0.8837564328342012
2022-07-14,-0.17911600561352806,-0.8061847801464392
2022-07-13,-0.1795623145195131,1.000883977457442
2022-07-12,-0.18000648028247496,-0.1857375876617606
2022-07-11,-0.18044851830217412,0.6662578236737863
2022-07-08,-0.1808884438313173,0.2613910372913284
2022-07-07,-0.18132627197705925,-0.06891378159258625
2022-07-06,-0.18176201770305095,-1.5273452289474028
2022-07-05,-0.18219569583066839,0.9012686868277995
2022-07-01,-0.18262732104133386,1.5661506263867815
2022-06-30,-0.18305690787726683,-1.0683261693280368
2022-06-29,-0.1834844707442148,1.407182867879599
2022-06-28,-0.1839100239122043,1.8519706435308465
2022-06-27,-0.1843335815174523,-1.3279816934126578
2022-06-24,-0.18475515756393665,-1.1738729477067003
2022-06-23,-0.1851747659248296,-0.9500182156685633
2022-06-22,-0.18559242034434112,1.5088695632245621
2022-06-21,-0.18600813443867467,1.9858369860329912
2022-06-17,-0.1864219216979389,-2.942940661928929
2022-06-16,-0.1868337954877176,2.9161892435148746
2022-06-15,-0.1872437690496844,1.8491725315036833
2022-06-14,-0.1876518555042651,0.6305529569109095
2022-06-13,-0.18805806785091092,-0.11671668251964529
2022-06-10,-0.18846241897014646,2.3086565806651733
2022-06-09,-0.18886492162466212,0.912914035096593
2022-06-08,-0.1892655884608842,1.0793379385933473
2022-06-07,-0.1896644320099309,-0.5632642316370245
2022-06-06,-0.19006146468911397,-2.1814494287585955
2022-06-03,-0.19045669880357746,0.134275341025444
2022-06-02,-0.1908501465467754,-0.6953881160003392
2022-06-01,-0.19124182000258833,0.09577169834305543
2022-05-31,-0.1916317311458694,-0.9180188750815419
2022-05-27,-0.1920198918440828,0.8142753516407876
2022-05-26,-0.19240631385839618,-0.46782918217346864
2022-05-25,-0.1927910088448412,-0.16170920917831713
2022-05-24,-0.19317398835526928,-0.964103092156033
2022-05-23,-0.19355526383919494,-0.25429697752376923
2022-05-20,-0.19393484664400057,-1.0585713543991835
2022-05-19,-0.19431274801684806,-0.37422640110197175
2022-05-18,-0.1946889791053614,-0.2530149867158117
2022-05-17,-0.19506355095878739,0.7923145717678363
2022-05-16,-0.19543647452929264,-0.6092762476664312
2022-05-13,-0.19580776067257813,-1.1265419710398215
2022-05-12,-0.19617742014965414,-1.4193047144942348
2022-05-11,-0.19654546362704514,0.2876653013718402
2022-05-10,-0.1969119016784282,-0.997255976843314
2022-05-09,-0.1972767447853157,-0.3125691870292241
2022-05-06,-0.19764000333835252,3.4767301157629933
2022-05-05,-0.1980016876379304,-0.7311499322519196
2022-05-04,-0.19836180789541688,0.7578900176419938
2022-05-03,-0.19872037423417926,-1.6547001177898442
2022-05-02,-0.1990773966902674,-0.9867532649161452
2022-04-29,-0.19943288521343763,-0.6504347926138845
2022-04-28,-0.1997868496683136,1.1170549400047862
2022-04-27,-0.2001392998350686,-1.4469387604022068
2022-04-26,-0.20049024541031343,-1.3667206429951757
2022-04-25,-0.2008396960079155,-0.00713191111027934
2022-04-22,-0.20118766116036418,1.6883405936094842
2022-04-21,-0.20153415031897567,1.0904981097077329
2022-04-20,-0.20187917285512186,0.5306805284075456
2022-04-19,-0.20222273806104954,-0.10064900945318371
2022-04-18,-0.20256485515083625,0.44908480832461284
2022-04-14,-0.20290553326059502,-0.3886798775361174
2022-04-13,-0.2032447814502494,-0.5607193713056736
2022-04-12,-0.20358260870346528,-0.675949519688303
2022-04-11,-0.2039190239290844,-0.9997484173616424
2022-04-08,-0.20425403596126107,1.7247119380460132
2022-04-07,-0.20458765356110048,-1.0081812120106024
2022-04-06,-0.20491988541652234,-0.8012359785864137
2022-04-05,-0.20525074014362607,-0.5302915043967668
2022-04-04,-0.2055802262870324,0.26429985201740125
2022-04-01,-0.20590835232124854,-0.012825222103647838
2022-03-31,-0.20623512665039526,-0.3022142024958607
2022-03-30,-0.20656055760984524,0.7105215778244143
2022-03-29,-0.20688465346649632,-0.8195956179167876
2022-03-28,-0.20720742241965887,0.27132194004559884
2022-03-25,-0.2075288726014654,1.4025652551780756
2022-03-24,-0.20784901207769,-1.0455998362578265
2022-03-23,-0.2081678488487721,-0.13618981016679416
2022-03-22,-0.208485390849885,-0.7543533941657173
2022-03-21,-0.20880164595195969,0.22541731895044112
2022-03-18,-0.20911662196243608,-2.1364990336932634
2022-03-17,-0.20943032662533104,0.20308734275740115
2022-03-16,-0.20974276762274047,-1.2757813910301228
2022-03-15,-0.2100539525746345,0.1947574112084074
2022-03-14,-0.21036388903994963,2.877140856426229
2022-03-11,-0.21067258451727175,1.794033486721956
2022-03-10,-0.21098004644490406,0.26350266467539746
2022-03-09,-0.21128628220216453,-1.4847463286927236
2022-03-08,-0.21159129910938557,2.8737254426037713
2022-03-07,-0.2118951044289384,-0.35848450164711443
2022-03-04,-0.21219770536543767,-1.720955566684793
2022-03-03,-0.21249910906662897,-1.7965862336979832
2022-03-02,-0.212799322623662,-0.2981174147368285
2022-03-01,-0.213098353071978,-0.8224949428668632
2022-02-28,-0.2133962073915147,-0.45492469555331855
2022-02-25,-0.213692892507457,-0.35244771873173747
2022-02-24,-0.2139884152907835,-1.2884276225336897
2022-02-23,-0.21428278255874417,0.6327370092649511
2022-02-22,-0.21457600107526992,-0.1875305835093513
2022-02-18,-0.2148680775516555,0.583153154671717
2022-02-17,-0.21515901864717377,0.5577768465033305
2022-02-16,-0.21544883096914405,0.08569530873940447
2022-02-15,-0.21573752107388786,-0.21458527734942537
2022-02-14,-0.21602509546707027,0.6277597858114278
2022-02-11,-0.2163115606040413,0.7666702184437221
2022-02-10,-0.21659692289058685,-1.2057567929546686
2022-02-09,-0.2168811886832018,0.4835893539547279
2022-02-08,-0.21716436428956784,0.7847676648601632
2022-02-07,-0.21744645596923629,1.29201265158658
2022-02-04,-0.21772746993376452,-0.5746530984042284
2022-02-03,-0.21800741234733045,-1.0400452860456153
2022-02-02,-0.21828628932734698,0.5844343408099251
2022-02-01,-0.21856410694473502,0.1379550619977727
2022-01-31,-0.21884087122419663,-3.0291601936940897
2022-01-28,-0.21911658814496598,-0.42918632164665954
2022-01-27,-0.21939126364115064,-0.09338229654048696
2022-01-26,-0.21966490360200477,-0.6118718749674117
2022-01-25,-0.2199375138725434,0.509406562694795
2022-01-24,-0.220209100253884,-1.4067573974919336
2022-01-21,-0.220479668503451,-0.4077496226851062
2022-01-20,-0.22074922433600014,0.750681133643446
2022-01-19,-0.22101777342307208,-0.09622500795731827
2022-01-18,-0.22128532139435794,-0.009372065789294946
2022-01-14,-0.22155187383749445,-0.8060429327100552
2022-01-13,-0.2218174362984735,-0.8406674441343459
2022-01-12,-0.22208201428246152,0.36265920965002746
2022-01-11,-0.22234561325366284,0.1549035710483552
2022-01-10,-0.22260823863579757,-2.0048238607235898
2022-01-07,-0.22286989581312572,0.3027622099308478
2022-01-06,-0.22313059012962794,-0.3886332282293877
2022-01-05,-0.22339032689043914,-1.1265656699254403
2022-01-04,-0.22364911136171203,-0.5939596629566897
2022-01-03,-0.22390694877102665,-1.7955736553650754
2021-12-31,-0.22416384430766353,-1.8328163434345432
2021-12-30,-0.22441980312335466,-0.31014054887214176
2021-12-29,-0.22467483033194202,0.29954954666497624
2021-12-28,-0.22492893101033357,0.4407899617461584
2021-12-27,-0.22518211019884438,0.1690584889714069
2021-12-23,-0.2254343729006506,-0.6818502846313714
2021-12-22,-0.22568572408349627,-0.013350795569679672
2021-12-21,-0.22593616867880556,-0.38389043511110177
2021-12-20,-0.2261857115826389,-1.0849632595952465
2021-12-17,-0.22643435765589742,0.724855176079667
2021-12-16,-0.22668211172466463,1.0906664126884467
2021-12-15,-0.22692897858020622,-0.0690797769260009
2021-12-14,-0.22717496297985762,0.22580797601563496
2021-12-13,-0.22742006964675093,0.08218952885109346
2021-12-10,-0.22766430327049766,1.0939849649235949
2021-12-09,-0.22790766850732516,-0.30082525098201984
2021-12-08,-0.22815016998048634,-0.11447261381344723
2021-12-07,-0.22839181228032795,-0.13048973648822237
2021-12-06,-0.22863259996483665,-0.5343838197939013
2021-12-03,-0.22887253755977557,-0.5405071431830156
2021-12-02,-0.22911162955888925,0.3230294193275423
2021-12-01,-0.2293498804247227,-1.1934270650315166
2021-11-30,-0.22958729458787058,0.05158057261189769
2021-11-29,-0.2298238764484107,1.420800513638874
2021-11-26,-0.2300596303752898,-0.2600901387613613
2021-11-24,-0.2302945607069378,1.7600713255979683
2021-11-23,-0.23052867175181407,-0.25974780083242915
2021-11-22,-0.23076196778806607,-1.2610015068149651
2021-11-19,-0.23099445306421196,-0.6619466794408628
2021-11-18,-0.2312261317993455,2.325596621208046
2021-11-17,-0.23145700818327264,0.546090929788565
2021-11-16,-0.23168708637685267,0.5478126384332715
2021-11-15,-0.23191637051227149,-0.48078800713923053
2021-11-12,-0.23214486469310985,-0.40907566728360195
2021-11-11,-0.2323725729947529,0.38486781641481643
2021-11-10,-0.23259949946493635,-0.08065609640108708
2021-11-09,-0.23282564812299564,1.6370922019834184
2021-11-08,-0.23305102296136768,-0.463376548204557
2021-11-05,-0.23327562794497658,-0.513134333625561
2021-11-04,-0.2334994670114384,-0.4504067741095811
2021-11-03,-0.23372254407222168,-0.35521225576413934
2021-11-02,-0.23394486301148698,0.6869764109564358
2021-11-01,-0.23416642768752044,0.6182116267553801
2021-10-29,-0.23438724193218768,-0.8616493855816849
2021-10-28,-0.23460730955182132,-0.11085679755324787
2021-10-27,-0.2348266343264699,-0.12640045744231682
2021-10-26,-0.23504522001133174,1.2980099502747862
2021-10-25,-0.2352630703358672,-1.109069349873398
2021-10-22,-0.23548018900475473,-0.9333899000673721
2021-10-21,-0.2356965796976858,-0.3236836882026933
2021-10-20,-0.2359122460698429,0.907601262234348
2021-10-19,-0.2361271917517631,-0.25819467777451494
2021-10-18,-0.23634142035008887,-0.7188482313466494
2021-10-15,-0.23655493544715847,0.034155666234418
2021-10-14,-0.23676774060162054,-0.4526092911692411
2021-10-13,-0.23697983934836558,-0.7286299256859364
2021-10-12,-0.23719123519914065,0.14668794611177943
2021-10-11,-0.23740193164207124,0.2656471327829981
2021-10-08,-0.23761193214261722,0.5009196730951936
2021-10-07,-0.23782124014295836,-1.1999725049756946
2021-10-06,-0.23802985906308652,-0.12658160727697657
2021-10-05,-0.23823779230019151,0.9161042841004569
2021-10-04,-0.23844504322920695,0.09003543890923685
2021-10-01,-0.23865161520308353,-0.6194790667944573
2021-09-30,-0.23885751155272072,-1.7133631293362226
2021-09-29,-0.23906273558723973,0.8844045654866554
2021-09-28,-0.23926729059439333,0.04338207356400763
2021-09-27,-0.23947117984022429,-0.4980970987443953
2021-09-24,-0.2396744065698165,-1.4206706780520943
2021-09-23,-0.23987697400702185,-0.42442977513581104
2021-09-22,-0.24007888535507466,-1.618764208475161
2021-09-21,-0.24028014379597715,-1.400549208483852
2021-09-20,-0.24048075249179682,0.05628657376820271
2021-09-17,-0.2406807145838469,1.332048346721174
2021-09-16,-0.24088003319323276,0.5925596585066948
2021-09-15,-0.24107871142112486,0.5337075947134092
2021-09-14,-0.24127675234875876,-1.6112356334520574
2021-09-13,-0.24147415903770827,0.7136803659495375
2021-09-10,-0.24167093452968055,-1.2330259340448007
2021-09-09,-0.24186708184733546,0.11029024254284688
2021-09-08,-0.24206260399394405,-0.025475743351281766
2021-09-07,-0.24225750395338874,0.4611579627567716
2021-09-03,-0.24245178469111897,0.2968219658465005
2021-09-02,-0.24264544915326372,0.19755901811340373
2021-09-01,-0.24283850026745085,-1.166798225417463
2021-08-31,-0.24303094094314823,0.6883251464282729
2021-08-30,-0.2432227740707765,0.5815881177902463
2021-08-27,-0.24341400252314255,0.5487174105948763
2021-08-26,-0.24360462915468858,-0.9280265596753193
2021-08-25,-0.24379465680197004,0.6767616406396921
2021-08-24,-0.24398408828365564,-0.07758957919225487
2021-08-23,-0.2441729264009369,-0.3885597625700556
2021-08-20,-0.24436117393732337,-1.9617472638287705
2021-08-19,-0.24454883365905228,0.0014357128894120978
2021-08-18,-0.24473590831502026,1.5269674011825651
2021-08-17,-0.24492240063712462,1.0518533607406733
2021-08-16,-0.2451083133400587,0.3441298867664755
2021-08-13,-0.2452936491220626,0.731200892600048
2021-08-12,-0.2454784106641725,0.5079389134935326
2021-08-11,-0.24566260063117618,0.8563422555667691
2021-08-10,-0.24584622167140838,-0.13202449155614818
2021-08-09,-0.2460292764164776,-0.8203131417012274
2021-08-06,-0.24621176748242682,0.571926668953642
2021-08-05,-0.2463936974685728,-0.5505182787410142
2021-08-04,-0.24657506895859843,-0.2981510119576019
2021-08-03,-0.2467558845204845,1.1671178646645852
2021-08-02,-0.24693614670610006,-0.5132175760292719
2021-07-30,-0.24711585805208985,0.0021947429671598756
2021-07-29,-0.24729502107932833,1.152885497535981
2021-07-28,-0.24747363829353386,-0.5822523363566953
2021-07-27,-0.24765171218506415,-0.31807417228295265
2021-07-26,-0.24782924522932562,0.5574732570518783
2021-07-23,-0.2480062398864323,-1.2089346564341317
2021-07-22,-0.24818269860182007,0.0706909598353298
2021-07-21,-0.24835862380597368,0.5643277674055428
2021-07-20,-0.2485340179149729,-1.538030082710351
2021-07-19,-0.24870888333001456,-0.5254545231947482
2021-07-16,-0.2488832224379588,1.7215341335735164
2021-07-15,-0.24905703761146558,1.3823667626633471
2021-07-14,-0.24923033120878987,0.48966285875265075
2021-07-13,-0.2494031055739864,1.1076540400137276
2021-07-12,-0.24957536303725114,0.24318674615711297
2021-07-09,-0.24974710591498941,0.05866119227857081
2021-07-08,-0.24991833650926987,-0.8679825615846537
2021-07-07,-0.2500890571090533,0.2298420616913468
2021-07-06,-0.25025926998923687,0.7819765255798473
2021-07-02,-0.25042897741147324,1.4248649390544494
2021-07-01,-0.25059818162382935,0.08034672342046116
2021-06-30,-0.2507668848612644,-0.12869846702733725
2021-06-29,-0.25093508934528824,-0.3473275536528454
2021-06-28,-0.25110279728443946,0.31442957711114267
2021-06-25,-0.2512700108741487,1.2752078105693105
2021-06-24,-0.25143673229714847,-0.09532843682163444
2021-06-23,-0.25160296372292684,-0.18682024889285315
2021-06-22,-0.2517687073086149,-0.3484091296911114
2021-06-21,-0.25193396519864564,-0.91829476820741
2021-06-18,-0.2520987395246854,-1.7315882805354414
2021-06-17,-0.2522630324060438,1.2817964264722677
2021-06-16,-0.25242684594994647,1.6480572845385317
2021-06-15,-0.2525901822507843,0.18593216662190132
2021-06-14,-0.252753043391274,-1.7387835855058054
2021-06-11,-0.25291543144177553,0.08944259372917232
2021-06-10,-0.25307734846076957,0.4649707335309212
2021-06-09,-0.2532387964945167,-0.06732427144117056
2021-06-08,-0.2533997775780128,-0.3970103099185197
2021-06-07,-0.2535602937337603,-0.8471150071259962
2021-06-04,-0.2537203469732703,0.33017017740830196
2021-06-03,-0.25387993929610636,-0.20471671600272012
2021-06-02,-0.2540390726902947,-0.18156385738838027
2021-06-01,-0.2541977491327332,-0.3761330372437357
2021-05-28,-0.254355970588714,-1.710246116760193
2021-05-27,-0.25451373901233304,0.16966578031703344
2021-05-26,-0.2546710563466262,0.3271252718274577
2021-05-25,-0.25482792452336506,-0.5569559457245175
2021-05-24,-0.2549843454635344,1.131313848436628
2021-05-21,-0.2551403210768544,-0.5588532913020889
2021-05-20,-0.2552958532626,-0.0557645045711229
2021-05-19,-0.25545094390878154,0.1269603193400507
2021-05-18,-0.25560559489323703,1.198814391262087
2021-05-17,-0.25575980808260834,1.4150779621511478
2021-05-14,-0.2559135853335697,-1.119209213449021
2021-05-13,-0.25606692849173585,-1.187159865394609
2021-05-12,-0.2562198393927537,0.6173732254238226
2021-05-11,-0.2563723198618253,0.4567761820689501
2021-05-10,-0.25652437171363873,1.5915594999231977
2021-05-07,-0.2566759967531196,-0.1067036845768605
2021-05-06,-0.25682719677474813,-0.6837441600023959
2021-05-05,-0.2569779735630372,-0.45244208097482497
2021-05-04,-0.2571283288926004,-1.4393627886763478
2021-05-03,-0.2572782645281523,-0.2960500916730111
2021-04-30,-0.2574277822243715,-1.3212961216590737
2021-04-29,-0.25757688372637916,1.4423990680490144
2021-04-28,-0.25772557076960173,-0.6830702551111975
2021-04-27,-0.25787384507963496,-1.4417465827582885
2021-04-26,-0.25802170837272154,-0.6264923950439585
2021-04-23,-0.25816916235534154,-0.08601629615044977
2021-04-22,-0.2583162087249633,-0.2541140076144298
2021-04-21,-0.2584628491691562,0.6525966390661091
2021-04-20,-0.2586090853666825,-0.6134834587607592
2021-04-19,-0.2587549189866785,1.0523917895019737
2021-04-16,-0.2589003516893372,0.16637298115119525
2021-04-15,-0.259045385125635,0.28620215418642025
2021-04-14,-0.25919002093753674,0.30173695687729923
2021-04-13,-0.2593342607579955,-1.3830000707988495
2021-04-12,-0.2594781062109528,-0.1740370611690478
2021-04-09,-0.25962155891167976,0.3357476829167046
2021-04-08,-0.2597646204665043,0.12440678205188853
2021-04-07,-0.2599072924729472,0.5233882380120335
2021-04-06,-0.26004957651999566,-0.205889923546693
2021-04-05,-0.26019147418803495,0.14943977087589647
2021-04-01,-0.2603329870485067,0.7752728437005941
2021-03-31,-0.2604741166648651,-1.3374200430457985
2021-03-30,-0.2606148645916892,0.7584963187564132
2021-03-29,-0.26075523237543385,0.6195524289712349
2021-03-26,-0.2608952215540202,0.2741914774171216
2021-03-25,-0.2610348336572452,-1.303713019620594
2021-03-24,-0.2611740702065769,0.14981378379564358
2021-03-23,-0.26131293271522266,-0.9715577399023705
2021-03-22,-0.26145142268860694,0.6181760584366192
2021-03-19,-0.2615895416235523,0.5155780574374161
2021-03-18,-0.2617272910094398,0.2870289045440061
2021-03-17,-0.26186467232738986,2.1668664084338123
2021-03-16,-0.2620016870504669,-0.20399479604474488
2021-03-15,-0.26213833664429403,1.05869448216953
2021-03-12,-0.26227462256630185,1.2741344316493064
2021-03-11,-0.2624105462665479,-0.5130877165032091
2021-03-10,-0.26254610918696547,0.37636214648666955
2021-03-09,-0.2626813127622512,-1.4686380143232012
2021-03-08,-0.26281615841918254,0.7720391947541473
2021-03-05,-0.26295064757730013,0.05889807637970294
2021-03-04,-0.26308478164822546,-1.804929238871679
2021-03-03,-0.26321856203661625,-1.8489523268408605
2021-03-02,-0.2633519901394842,-0.3803398178640713
2021-03-01,-0.2634850673463993,0.29778053333880916
2021-02-26,-0.26361779503983174,-1.7824892976392368
2021-02-25,-0.2637501745949466,1.245605898222569
2021-02-24,-0.2638822073795358,0.8285020326711101
2021-02-23,-0.26401389475456444,-1.4946638864463129
2021-02-22,-0.2641452380735559,-0.6603473266536216
2021-02-19,-0.26427623868313843,-1.7596742480077328
2021-02-18,-0.2644068979229085,-0.31733018861725404
2021-02-17,-0.26453721712549894,0.7850719639988902
2021-02-16,-0.26466719761664725,-0.7448517545161233
2021-02-12,-0.2647968407149227,-1.4394010754711344
2021-02-11,-0.26492614773247714,-0.6522114029868362
2021-02-10,-0.26505511997449877,1.2511676302568195
2021-02-09,-0.26518375873934885,-0.4604477613394254
2021-02-08,-0.2653120653186982,1.4107834704965494
2021-02-05,-0.2654400409976636,-2.050840647829455
2021-02-04,-0.2655676870546715,-1.6021306461021985
2021-02-03,-0.265695004761526,-0.9191601961276156
2021-02-02,-0.2658219953835457,-1.8716309429894202
2021-02-01,-0.26594866017963165,-0.7564370655834532
2021-01-29,-0.266075000402131,-0.07650523965033532
2021-01-28,-0.26620101729697365,1.3239010051575295
2021-01-27,-0.2663267121038085,-0.7492446636541275
2021-01-26,-0.26645208605579873,0.5684352670611006
2021-01-25,-0.2665771403800317,1.0970112682131368
2021-01-22,-0.2667018762971773,0.5603987659373344
2021-01-21,-0.2668262950218292,0.7070652264119689
2021-01-20,-0.2669503977622321,1.4336719540466154
2021-01-19,-0.2670741857207596,-0.6755493933449218
2021-01-15,-0.2671976600932993,-0.9502174836133117
2021-01-14,-0.2673208220702093,2.4222646925620226
2021-01-13,-0.26744367283542997,-1.8624388896359292
2021-01-12,-0.26756621356703064,-0.537933318379133
2021-01-11,-0.2676884454370729,-1.0635476459684854
2021-01-08,-0.26781036961208826,-1.4521995200248226
2021-01-07,-0.2679319872521911,-0.5303112854601619
2021-01-06,-0.268053299512034,-0.3716063260300239
2021-01-05,-0.2681743075403983,-1.221890542706429
2021-01-04,-0.26829501248033083,-2.291777059355168
2020-12-31,-0.268415415469007,-0.3204653527816424
2020-12-30,-0.26853551763807243,0.45960138399494077
2020-12-29,-0.2686553201136428,-0.3788939101671763
2020-12-28,-0.2687748240158944,0.5646686336852834
2020-12-24,-0.26889403045961013,-0.15366213819916544
2020-12-23,-0.26901294055411124,0.21020432123425306
2020-12-22,-0.2691315554031208,-0.6139536382570517
2020-12-21,-0.2692498761046956,0.8457192639475717
2020-12-18,-0.2693679037519768,0.9119149646746262
2020-12-17,-0.26948563943202963,0.8618838397930014
2020-12-16,-0.26960308422707213,0.2575948552190336
2020-12-15,-0.26972023921372423,-0.7337376810271744
2020-12-14,-0.26983710546348555,-0.9302992546396223
2020-12-11,-0.2699536840423258,1.8079835607568828
2020-12-10,-0.27006997601109445,0.2446768177773795
2020-12-09,-0.2701859824255208,-1.3530939600381655
2020-12-08,-0.2703017043361454,-0.6335722993151104
2020-12-07,-0.27041714278811574,-1.5663006198964762
2020-12-04,-0.27053229882186847,0.9348337599147246
2020-12-03,-0.2706471734722422,-1.7457468644135754
2020-12-02,-0.2707617677697062,-0.3188723067847547
2020-12-01,-0.2708760827389267,-1.7856003775876492
2020-11-30,-0.27099011940020085,-0.46168128432020855
2020-11-27,-0.2711038787685688,2.584623014364068
2020-11-25,-0.2712173618542236,0.7595934763681702
2020-11-24,-0.27133056966251123,1.3934614136604515
2020-11-23,-0.2714435031936572,-3.141770572927416
2020-11-20,-0.27155616344331296,-3.0934163409955686
2020-11-19,-0.271668551402283,0.616110161203518
2020-11-18,-0.2717806680564561,-0.23845668898405384
2020-11-17,-0.2718925143871471,1.8934029829099708
2020-11-16,-0.2720040913706188,-0.638750879440089
2020-11-13,-0.2721153999789695,-2.731128495809644
2020-11-12,-0.2722264411790407,-1.1555477444544575
2020-11-11,-0.27233721593350946,1.7163076925600285
2020-11-10,-0.2724477252001374,0.5176271640564548
2020-11-09,-0.27255796993211195,0.10352354749179167
2020-11-06,-0.2726679510783879,-3.1647217017653975
2020-11-05,-0.2727776695830046,0.5892732344759257
2020-11-04,-0.27288712638563195,0.0991132576422552
2020-11-03,-0.2729963224215025,0.27497673106836856
2020-11-02,-0.2731052586214111,0.8526201732001685
2020-10-30,-0.27321393591171506,-2.0018133655364614
2020-10-29,-0.2733223552141977,0.5327913795340556
2020-10-28,-0.27343051744654595,-2.1119331006693725
2020-10-27,-0.2735384235220093,1.9102516354134491
2020-10-26,-0.27364607434939975,0.7943761391203118
2020-10-23,-0.2737534708332281,1.1846073942428048
2020-10-22,-0.2738606138741139,1.003012642292958
2020-10-21,-0.2739675043678295,-2.435012945458087
2020-10-20,-0.27407414320646056,0.8009283638442306
2020-10-19,-0.27418053127758696,-0.39743636988029096
2020-10-16,-0.27428666946476077,0.9960631544254127
2020-10-15,-0.2743925586471646,0.510213542380097
2020-10-14,-0.2744981997002946,-0.41713363765323314
2020-10-13,-0.27460359349520924,0.11084794421638605
2020-10-12,-0.2747087408988026,0.5933363835361143
2020-10-09,-0.27481364277428216,0.1658426162646157
2020-10-08,-0.2749182999806226,0.7375131407355335
2020-10-07,-0.2750227133727708,-2.4941098417869134
2020-10-06,-0.2751268838016455,-0.15018610702745014
2020-10-05,-0.27523081211447903,0.5208143317056189
2020-10-02,-0.2753344991542709,-1.1038094361463406
2020-10-01,-0.27543794576026565,0.23271422646703402
2020-09-30,-0.2755411527678167,1.7512166700739407
2020-09-29,-0.2756441210083176,-0.06059129576145344
2020-09-28,-0.27574685130940696,1.458900338705262
2020-09-25,-0.27584934449496884,-0.9264285834509532
2020-09-24,-0.2759516013847908,-0.44328749847317056
2020-09-23,-0.27605362279538354,0.11035239894578887
2020-09-22,-0.2761554095389568,1.6060194788262805
2020-09-21,-0.276256962424375,1.234407677179381
2020-09-18,-0.2763582822566112,1.0207527755330192
2020-09-17,-0.2764593698370201,0.8065621461218442
2020-09-16,-0.2765602259632016,0.02364929636474087
2020-09-15,-0.2766608514292738,-2.0234645120782804
2020-09-14,-0.2767612470254635,0.5338984324633913
2020-09-11,-0.27686141353878857,0.3299201796202059
2020-09-10,-0.27696135175217085,0.14308809025077318
2020-09-09,-0.27706106244546,1.2508904592812016
2020-09-08,-0.27716054639454607,0.3062567623581427
2020-09-04,-0.27725980437204195,1.1504840281324278
2020-09-03,-0.2773588371471472,0.048228469631216936
2020-09-02,-0.27745764548523827,0.11067763537777464
2020-09-01,-0.2775562301484144,0.3093457688572735
2020-08-31,-0.27765459189542996,0.639375029589107
2020-08-28,-0.27775273148142066,0.9207931782854082
2020-08-27,-0.27785064965831374,-1.1449466353730262
2020-08-26,-0.2779483471743498,0.3419338621788047
2020-08-25,-0.27804582477476547,1.0630264638211404
2020-08-24,-0.27814308320117914,1.5884685466481274
2020-08-21,-0.27824012319200053,-1.411764059011965
2020-08-20,-0.2783369454821575,0.3791085220681072
2020-08-19,-0.2784335508037106,0.7625970016328558
2020-08-18,-0.27852993988482905,0.5555823351133079
2020-08-17,-0.2786261134508829,0.25224010993071855
2020-08-14,-0.2787220722239653,0.6489760547590192
2020-08-13,-0.2788178169226875,-0.20493076364911092
2020-08-12,-0.278913348262657,1.2239027467342845
2020-08-11,-0.2790086669564092,0.9774753563020593
2020-08-10,-0.279103773712861,-0.49226530746540015
2020-08-07,-0.27919866923840336,-1.1796373128871023
2020-08-06,-0.2792933542356725,0.2353982379579914
2020-08-05,-0.2793878294047784,0.2455326948160656
2020-08-04,-0.2794820954422131,-0.4153251714822161
2020-08-03,-0.2795761530416692,-1.3818394616140566
2020-07-31,-0.27967000289369914,-0.1865258985808886
2020-07-30,-0.279763645686056,-0.2340278624079302
2020-07-29,-0.2798570821028066,2.4713761004915527
2020-07-28,-0.2799503128259011,-0.5255060029968798
2020-07-27,-0.28004333853346675,0.5913540863139817
2020-07-24,-0.2801361599011729,-0.7049283337323036
2020-07-23,-0.2802287776015487,0.3138797971115547
2020-07-22,-0.2803211923041191,-0.0901368674476393
2020-07-21,-0.28041340467561027,1.1635968194287736
2020-07-20,-0.2805054153797443,-2.403421372076563
2020-07-17,-0.28059722507737606,1.1708877712622212
2020-07-16,-0.2806888344264247,0.8575953892261784
2020-07-15,-0.2807802440820104,0.3958547409786247
2020-07-14,-0.2808714546964542,-0.6069901887940211
2020-07-13,-0.2809624669189367,-1.5800124852639679
2020-07-10,-0.28105328139631736,-0.0007690689106337856
2020-07-09,-0.2811438987721104,-1.491734386138838
2020-07-08,-0.2812343196875088,2.0719506195755026
2020-07-07,-0.28132454478049684,0.12398888572889238
2020-07-06,-0.2814145746867378,1.294716854994772
2020-07-02,-0.2815044100387543,-0.3321074360607793
2020-07-01,-0.2815940514666796,-0.40165872642661193
2020-06-30,-0.2816834995975749,1.1281965714974462
2020-06-29,-0.28177275505617994,-0.42882225089191056
2020-06-26,-0.28186181846416264,-0.7680796938003489
2020-06-25,-0.2819506904408013,1.7188036508072502
2020-06-24,-0.2820393716027116,-0.7203317267636673
2020-06-23,-0.28212786256357375,2.3712745419138335
2020-06-22,-0.282216163934815,-0.28348034401989136
2020-06-19,-0.28230427632499533,-0.455186579428229
2020-06-18,-0.2823922003402168,1.000687987014698
2020-06-17,-0.28247993658371423,-0.2925909285744114
2020-06-16,-0.28256748565660617,1.6306382596116198
2020-06-15,-0.2826548481570754,-1.0771017446490447
2020-06-12,-0.2827420246809153,0.041814773439642405
2020-06-11,-0.28282901582139336,-1.0269135474959221
2020-06-10,-0.28291582216904604,3.4767301157629933
2020-06-09,-0.28300244431229366,2.7069132531765714
2020-06-08,-0.28308888283675726,1.1132887096367288
2020-06-05,-0.28317513832553204,-1.4957098486042961
2020-06-04,-0.28326121135966503,-3.1647217017653975
2020-06-03,-0.28334710251713113,0.14997657002894754
2020-06-02,-0.28343281237406187,-1.9452720599364346
2020-06-01,-0.28351834150365335,-1.0660901531063962
2020-05-29,-0.28360369047718986,-0.8530436221047167
2020-05-28,-0.2836888598630885,-0.4541266236261151
2020-05-27,-0.28377385022765,1.2969911864535428
2020-05-26,-0.283858662134649,-0.33966073757542836
2020-05-22,-0.2839432961456073,-1.4054537314127336
2020-05-21,-0.28402775281979387,-0.03318121409576721
2020-05-20,-0.2841120327138149,0.8919335725089628
2020-05-19,-0.2841961363820921,-1.5559506694223686
2020-05-18,-0.2842800643769992,1.545013795015281
2020-05-15,-0.28436381724811055,-3.1647217017653975
2020-05-14,-0.28444739554322573,0.35886274121467376
2020-05-13,-0.28453079980741336,-0.4190601667000499
2020-05-12,-0.28461403058376233,2.501230064997257
2020-05-11,-0.28469708841297203,1.7747047152840218
2020-05-08,-0.2847799738336255,0.47902792681386597
2020-05-07,-0.284862687381848,-2.0887455951317095
2020-05-06,-0.2849452295918533,-0.2665304419123039
2020-05-05,-0.2850276009952608,0.982028603738591
2020-05-04,-0.28510980212191506,0.06523135658332581
2020-05-01,-0.2851918334990662,-1.9236100633006532
2020-04-30,-0.2852736956521893,3.4767301157629933
2020-04-29,-0.28535538910423364,1.041929103938966
2020-04-28,-0.2854369143762368,-2.6256063626979764
2020-04-27,-0.28551827198691515,-1.1227490989817699
2020-04-24,-0.2855994624530053,-0.2236603050563353
2020-04-23,-0.2856804862890592,-0.30352097382949056
2020-04-22,-0.28576134400758063,-1.4984720055223024
2020-04-21,-0.2858420361187523,-1.3670518036078945
2020-04-20,-0.2859225631309135,0.27275212219701733
2020-04-17,-0.28600292555042384,2.375954485601049
2020-04-16,-0.2860831238811168,-3.1647217017653975
2020-04-15,-0.28616315862511915,1.6449501836147549
2020-04-14,-0.2862430302826461,2.312211858780663
2020-04-13,-0.28632273935138686,0.3896904934938035
2020-04-09,-0.28640228632746045,0.432169729735627
2020-04-08,-0.286481671704733,0.8206005058742397
2020-04-07,-0.2865608959752272,-2.9912545701261735
2020-04-06,-0.286639959628713,-0.9112726943990808
2020-04-03,-0.28671886315332185,-1.5365577207430323
2020-04-02,-0.2867976070349322,1.4732663323025716
2020-04-01,-0.2868761917575791,-3.1647217017653975
2020-03-31,-0.2869546178032498,0.5808977336848181
2020-03-30,-0.2870328856522247,-0.5985882545395652
2020-03-27,-0.28711099578239446,-0.7121103225595224
2020-03-26,-0.28718894867035294,2.42580944179385
2020-03-25,-0.28726674479023623,-1.9563124195205923
2020-03-24,-0.2873443846144735,-2.4784839801242295
2020-03-23,-0.2874218686136507,-3.1647217017653975
2020-03-20,-0.28749919725637413,1.97715013404792
2020-03-19,-0.28757637100947475,2.4728070610667787
2020-03-18,-0.2876533903378722,-1.8868672353555298
2020-03-17,-0.2877302557044379,3.4767301157629933
2020-03-16,-0.28780696757054136,-3.1647217017653975
2020-03-13,-0.28788352639543574,3.4767301157629933
2020-03-12,-0.287959932636804,-1.2106795872925116
2020-03-11,-0.28803618675007603,3.4767301157629933
2020-03-10,-0.28811228918938475,1.6492948483734098
2020-03-09,-0.28818824040667845,-1.7679306842245932
2020-03-06,-0.28826404085233515,3.4767301157629933
2020-03-05,-0.28833969097482126,2.432113973664838
2020-03-04,-0.2884151912207599,2.2153309823146916
2020-03-03,-0.28849054203520413,-1.0457988184427531
2020-03-02,-0.2885657438614318,2.411055729147364
2020-02-28,-0.28864079714080926,-2.2563298756423027
2020-02-27,-0.2887157023129279,-1.554678935768946
2020-02-26,-0.2887904598160137,3.046789033881672
2020-02-25,-0.28886507008603957,1.0841688594337213
2020-02-24,-0.2889395335577497,1.922382535042227
2020-02-21,-0.28901385066384017,2.357759371892869
2020-02-20,-0.28908802183543686,0.6109374381488383
2020-02-19,-0.28916204750209534,0.4013972987586692
2020-02-18,-0.2892359280913914,-0.3636516015200498
2020-02-14,-0.2893096640294673,0.6357490244710343
2020-02-13,-0.28938325574082646,0.23602241915105635
2020-02-12,-0.28945670364799286,0.2829237134226155
2020-02-11,-0.28953000817226143,-0.583711649648233
2020-02-10,-0.2896031697330837,-0.452148528577171
2020-02-07,-0.28967618874813644,0.5300813294028801
2020-02-06,-0.28974906563366254,1.0332025879545874
2020-02-05,-0.28982180080426645,0.6780996580984294
2020-02-04,-0.2898943946729142,-2.190411082662846
2020-02-03,-0.2899668476510016,0.6267646329344839
2020-01-31,-0.2900391601482176,1.1177322516797341
2020-01-30,-0.29011133257274935,2.0693636770220603
2020-01-29,-0.2901833653312137,-0.5054393065076589
2020-01-28,-0.29025525882865727,0.42102081158679633
2020-01-27,-0.2903270134684882,0.07875693745681421
2020-01-24,-0.29039862965261287,1.1902493594681691
2020-01-23,-0.2904701077815037,0.341509468983977
2020-01-22,-0.29054144825378997,0.3174389668087137
2020-01-21,-0.2906126514668721,0.293822285429378
2020-01-17,-0.2906837178164438,0.7149962809426096
2020-01-16,-0.29075464769683323,0.19586903862424485
2020-01-15,-0.29082544150059364,0.20224986633790557
2020-01-14,-0.29089609961911767,0.08852309012758894
2020-01-13,-0.2909666224418864,0.4330309885760486
2020-01-10,-0.2910370103573568,-0.4540448002418071
2020-01-09,-0.2911072637522109,0.4474189557327592
2020-01-08,-0.29117738301162877,-0.3623743501245973
2020-01-07,-0.291247368519425,0.7540210640391292
2020-01-06,-0.2913172206579806,0.4127100666528953
2020-01-03,-0.29138693980810637,-0.36346231787096434
2020-01-02,-0.29145652634931585,0.40556862394674775
2019-12-31,-0.2915259806595525,-0.768218790411139
2019-12-30,-0.2915953031152578,-0.20007227188269944
2019-12-27,-0.2916644940917126,0.2985306627865974
2019-12-26,-0.2917335539625593,0.17840671243694006
2019-12-24,-0.29180248310000667,-0.06609841975043788
2019-12-23,-0.2918712818750345,0.19897349004888532
2019-12-20,-0.2919399506570526,-0.23347333644052143
2019-12-19,-0.29200848981417327,-0.3755210487741602
2019-12-18,-0.29207689971307554,0.34794071438045876
2019-12-17,-0.29214518071900447,-0.12250117804234345
2019-12-16,-0.29221333319604464,0.2348354594879056
2019-12-13,-0.29228135750657397,-0.5303723089062712
2019-12-12,-0.29234925401201445,0.7888136782449214
2019-12-11,-0.2924170230719448,-0.9585628196895236
2019-12-10,-0.29248466504505627,0.08158854667062133
2019-12-09,-0.2925521802884699,0.4338667703196291
2019-12-06,-0.2926195691580097,-0.09473545464678379
2019-12-05,-0.29268683200806567,-0.7696221808810675
2019-12-04,-0.2927539691918676,0.18201162379671182
2019-12-03,-0.2928209810612797,-0.5410728070301191
2019-12-02,-0.2928878679668007,0.3983221599147885
2019-11-29,-0.2929546302576324,-0.19707534658456463
2019-11-27,-0.2930212682818159,0.41826625515824967
2019-11-26,-0.2930877823857537,0.039170858146537146
2019-11-25,-0.2931541729150294,0.1315366017775864
2019-11-22,-0.2932204402135876,0.3361670063735205
2019-11-21,-0.2932865846241446,0.221814154664359
2019-11-20,-0.2933526064883239,-1.154599353651612
2019-11-19,-0.2934185061464522,-0.14052913067570236
2019-11-18,-0.2934842839372858,0.513030104326878
2019-11-15,-0.2935499401986937,0.4867072145597179
2019-11-14,-0.2936154752671791,-0.4795757826391962
2019-11-13,-0.2936808894780168,0.22447270458918087
2019-11-12,-0.29374618316518414,0.41431364967688594
2019-11-11,-0.2938113566613615,0.6899975181628089
2019-11-08,-0.29387641029834166,0.30884474559442765
2019-11-07,-0.29394134440621067,1.5350689268312068
2019-11-06,-0.2940061593143037,-1.0184873535596954
2019-11-05,-0.29407085535045374,1.093470197388433
2019-11-04,-0.2941354328413335,-0.9490477456865521
2019-11-01,-0.29419989211259134,-1.422985635221263
2019-10-31,-0.2942642334885105,-1.4372989034349242
2019-10-30,-0.29432845729214513,0.11916774793699432
2019-10-29,-0.29439256384559365,0.5280617034477365
2019-10-28,-0.29445655346965743,0.15344514119776098
2019-10-25,-0.2945204264837724,0.44352427467313615
2019-10-24,-0.2945841832066235,-0.10245514956852374
2019-10-23,-0.29464782395539374,0.47580457918391683
2019-10-22,-0.294711349046242,-0.45439618897128903
2019-10-21,-0.29477475879423504,-0.2377419542116299
2019-10-18,-0.29483805351307396,-0.8001298212265463
2019-10-17,-0.29490123351577735,0.3926872556974575
2019-10-16,-0.29496429911358873,0.07527369693226249
2019-10-15,-0.29502725061713714,0.8565347401021385
2019-10-14,-0.29509008833582273,-0.1587164983665511
2019-10-11,-0.2951528125777487,-0.13092093869855037
2019-10-10,-0.2952154236500623,-0.5097470757045697
2019-10-09,-0.29527792185881846,-0.5733404882571295
2019-10-08,-0.2953403075087751,-0.5290281801061826
2019-10-07,-0.295402580903939,0.96935851070392
2019-10-04,-0.29546474234681513,0.6891878540140794
2019-10-03,-0.2955267921391575,-0.6965645363648195
2019-10-02,-0.2955887305814911,-0.5902380759507413
2019-10-01,-0.29565055797324874,1.3047314040525948
2019-09-30,-0.29571227461277094,1.1744780257216847
2019-09-27,-0.2957738807975105,0.6097621277370184
2019-09-26,-0.2958353768236234,-0.33957957112234544
2019-09-25,-0.29589676298630946,0.27193022811874534
2019-09-24,-0.2959580395797448,-0.13348166931014296
2019-09-23,-0.29601920689708133,0.6867724985300404
2019-09-20,-0.29608026523024206,-0.023224693273214293
2019-09-19,-0.2961412148703308,0.18008183249852824
2019-09-18,-0.29620205610729083,0.3409946641706379
2019-09-17,-0.29626278923010957,0.24524771267837328
2019-09-16,-0.2963234145266821,0.3836848703759739
2019-09-13,-0.2963839322838795,-0.717888959466724
2019-09-12,-0.29644434278768533,-0.43580734296413465
2019-09-11,-0.29650464632278606,-0.023279353020125237
2019-09-10,-0.29656484317311715,0.10581474254780097
2019-09-09,-0.2966249336217264,-0.38456483231809097
2019-09-06,-0.2966849179502283,-0.3739929031005595
2019-09-05,-0.2967447964396225,-0.44662245062849687
2019-09-04,-0.2968045693696118,-0.6763115155541284
2019-09-03,-0.29686423701935266,-0.5074229902651096
2019-08-30,-0.29692379966656807,-0.046395311842327425
2019-08-29,-0.29698325758822985,-0.025033766983700568
2019-08-28,-0.29704261106028584,-0.5284025627819232
2019-08-27,-0.2971018603576599,-0.344761754126153
2019-08-26,-0.2971610057545931,0.4888926180761111
2019-08-23,-0.2972200475238928,-0.2495399852319819
2019-08-22,-0.29727898593788865,1.4955764042630482
2019-08-21,-0.2973378212674764,0.11605299524060796
2019-08-20,-0.29739655378307406,-0.4758301354849734
2019-08-19,-0.297455183753939,0.3074270533213498
2019-08-16,-0.2975137114483045,-0.8060908682043634
2019-08-15,-0.29757213713365305,-0.747184485274771
2019-08-14,-0.297630461076238,0.30080014730024063
2019-08-13,-0.29768868354183503,2.0224145018098754
2019-08-12,-0.2977468047949908,-0.6038448728698869
2019-08-09,-0.29780482509929634,0.8675466311899933
2019-08-08,-0.2978627447176599,1.0627550623739663
2019-08-07,-0.2979205639117608,-1.2767025667254195
2019-08-06,-0.29797828294280065,0.328703914737926
2019-08-05,-0.2980359020705472,-0.4603286343542929
2019-08-02,-0.2980934215544269,1.023344959281201
2019-08-01,-0.2981508416525692,0.4924002113995831
2019-07-31,-0.2982081626222159,1.2768730603849394
2019-07-30,-0.2982653847200626,0.6576915062287035
2019-07-29,-0.2983225082016444,0.004213270960088731
2019-07-26,-0.29837953332154066,-0.33464585565932514
2019-07-25,-0.29843646033371624,0.08912034816318927
2019-07-24,-0.29849328949118015,0.2906190799508173
2019-07-23,-0.2985500210458492,0.01719339716756937
2019-07-22,-0.2986066552490941,-0.18439350415798478
2019-07-19,-0.2986631923512612,-0.04145662107936201
2019-07-18,-0.29871963260180967,-0.08723397929152535
2019-07-17,-0.2987759762495158,0.42725598667600534
2019-07-16,-0.29883222354192707,0.3014839631852754
2019-07-15,-0.2988883747263862,0.7460375185698812
2019-07-12,-0.2989444300486656,0.3585198185390249
2019-07-11,-0.29900038975412807,-0.027109618270923976
2019-07-10,-0.2990562540873855,-0.027153787166961093
2019-07-09,-0.2991120232918892,-0.6757070622578218
2019-07-08,-0.2991676976104077,0.04270274820272233
2019-07-05,-0.29922327728495857,-0.21368091463115235
2019-07-03,-0.29927876255660363,0.20948911202443304
2019-07-02,-0.299334153665722,-0.4522523970357621
2019-07-01,-0.29938945085187363,0.5504061077572787
2019-06-28,-0.29944465435352596,0.05539915748764932
2019-06-27,-0.29949976440873693,-0.5091322484401871
2019-06-26,-0.29955478125460877,0.5113906548921809
2019-06-25,-0.29960970512728774,-0.20050252641567223
2019-06-24,-0.2996645362623059,0.44492239415013213
2019-06-21,-0.2997192748942393,0.4788865990209051
2019-06-20,-0.29977392125725444,-0.6741055254195472
2019-06-19,-0.29982847558415254,-0.8200240107674474
2019-06-18,-0.2998829381074616,0.2827324651649036
2019-06-17,-0.2999373090585491,-0.41093948325205465
2019-06-14,-0.29999158866823633,-0.47376969884157283
2019-06-13,-0.30004577716652536,0.2273530184241092
2019-06-12,-0.3000998747827355,-0.4169349212767251
2019-06-11,-0.3001538817450255,0.5430417224454879
2019-06-10,-0.30020779828141764,0.05642587592652529
2019-06-07,-0.3002616246185005,-0.20526250252326958
2019-06-06,-0.30031536098265765,-0.166716261306987
2019-06-05,-0.30036900759918067,-0.8727761953413606
2019-06-04,-0.30042256469281475,0.41789317798684794
2019-06-03,-0.30047603248734933,-1.139427837919718
2019-05-31,-0.3005294112060278,-0.750606481014459
2019-05-30,-0.3005827010712059,0.8332270366016926
2019-05-29,-0.300635902304625,0.1396771086289759
2019-05-28,-0.30068901512707075,0.31482097642694573
2019-05-24,-0.300742039758919,1.0043910349520184
2019-05-23,-0.3007949764195218,-0.19438694596600664
2019-05-22,-0.30084782532775306,1.170269709718965
2019-05-21,-0.3009005867014628,0.45538334011083137
2019-05-20,-0.30095326075809137,-0.21435934153782413
2019-05-17,-0.30100584771412336,0.01714723178014665
2019-05-16,-0.30105834778542884,0.2998417328452455
2019-05-15,-0.3011107611871953,0.017108420906727713
2019-05-14,-0.3011630881338592,-0.34932140534004696
2019-05-13,-0.30121532883917435,-0.05386475588367312
2019-05-10,-0.3012674835161434,0.5568653124972484
2019-05-09,-0.3013195523770183,0.14469688057421537
2019-05-08,-0.3013715356336412,0.05529200314169305
2019-05-07,-0.3014234334966255,-0.06576125325224497
2019-05-06,-0.30147524617658444,0.27144170310595833
2019-05-03,-0.3015269738826977,0.2258593023944578
2019-05-02,-0.30157861682421333,-0.10308972083328047
2019-05-01,-0.3016301752089454,0.9192942123759499
2019-04-30,-0.30168164924470836,1.0017219357807619
2019-04-29,-0.3017330391380875,-0.17854675291294084
2019-04-26,-0.30178434509539526,0.3277500849439105
2019-04-25,-0.30183556732191974,1.0510001356304086
2019-04-24,-0.3018867060227445,-0.2637637222173915
2019-04-23,-0.30193776140172407,0.9705052372284823
2019-04-22,-0.3019887336625083,-0.2717217489033497
2019-04-18,-0.3020396230077912,-1.0450676669508399
2019-04-17,-0.3020904296397888,0.19126835138887036
2019-04-16,-0.30214115376010287,-0.12766155926960088
2019-04-15,-0.30219179556931103,-0.32177602573490466
2019-04-12,-0.30224235526778603,0.17420050951660435
2019-04-11,-0.30229283305508153,0.6294474282915764
2019-04-10,-0.30234322913006834,-0.2226584972749007
2019-04-09,-0.3023935436908664,0.2321262506394625
2019-04-08,-0.302443776935186,0.645435218445659
2019-04-05,-0.30249392906012296,-0.2907998203392928
2019-04-04,-0.3025440002617491,-0.2509367505545978
2019-04-03,-0.30259399073606796,-0.6797771088082021
2019-04-02,-0.3026439006778542,0.30009162359142505
2019-04-01,-0.3026937302817459,0.22064506136581122
2019-03-29,-0.30274347974156207,-0.5491322065332377
2019-03-28,-0.3027931492503705,-0.025636626511707457
2019-03-27,-0.3028427390008296,-0.23224595377167848
2019-03-26,-0.3028922491849148,0.38677224432609625
2019-03-25,-0.30294167999391913,-0.6217675314632451
2019-03-22,-0.3029910316186576,0.35228276633177547
2019-03-21,-0.30304030424912587,0.8005574533064548
2019-03-20,-0.3030894980748419,-0.271219172461234
2019-03-19,-0.3031248610260937,-0.2607389447658443
2019-03-18,-0.3031248610260937,0.1375679716985156
2019-03-15,-0.3031248610260937,-0.5536462404675475
2019-03-14,-0.3031248610260937,0.18738354855814887
2019-03-13,-0.3031248610260937,0.1746266213653711
2019-03-12,-0.3031248610260937,-0.4215309761534159
2019-03-11,-0.3031248610260937,-0.12401331752973246
